op,target,parent,name
move,1pELmnWSQbVfrEDFISpLRGULUwff-39KZ,1A44bMeBJ97i56XMwxmPWqAY2xj0W2-bH,
move,1kql0JkVQMuKhevgeKK_qdzMwrfnF9tFE,1A44bMeBJ97i56XMwxmPWqAY2xj0W2-bH,
move,16G9d15HbO_pxwp9hrYs2AtQz4Cpszi7K,1A44bMeBJ97i56XMwxmPWqAY2xj0W2-bH,
move,1nYb5RUtsQiPWYRmxVYlEzUW7GCVo1X-d,1A44bMeBJ97i56XMwxmPWqAY2xj0W2-bH,
move,1O6vmHPoYeJAg_CYKF7GQINi_NwtBUH9U,1A44bMeBJ97i56XMwxmPWqAY2xj0W2-bH,
move,10JXJKyy5Ci-_-yuO_zf7Wk7d7EAM_S9S,1A44bMeBJ97i56XMwxmPWqAY2xj0W2-bH,
trash,1N72AmLEPZh1eix_zGh8Bqu0QuioVU9lD,-,
trash,1PBvs9SJSda0TmJEhULSVF2wnjHQ7OXed,-,
trash,1vqTjEf8rCHhjHyhrRvfAmuNG_RUeM3-p,-,
trash,1Rf4MmFe2581xl28op7Tbl8kxpXjh8qHa,-,
trash,1AHXSw29qXlrFHQ0bM9V4IIVz69Fp_k8l,-,
trash,13vwqEj49qlhbVNoFwP5y6konumXm4E1M,-,
trash,1Qv_AzgT2J_uGZFC6T4qVQIDl5r0THv58,-,
trash,1hKtxIbSzNxmdUxE-uc51P6pzQ4jRlK7T,-,
trash,1kVwL4dvygohZDIZxbuyR-wInrrEG7X5u,-,
trash,1slvHbcAO_7a0y-LxsuvsI4rehoKLyced,-,
trash,11Ps06LkAi-TBbOf3WRLFIr9OS1b0JZrY,-,
trash,1cEZi_5sTz9ktMHN-1z6tu_A_md1dhzSY,-,
trash,1FH9tyG2FC_6pYPhtR5WWHVdBirvB6XYL,-,
trash,1xoTrqx_oFvvGtDcsGM3beIw8YhC_Pr6t,-,
trash,1KATdhblCTbXoQFYLIGn3l9oGOz7wfbgg,-,
trash,1eR962doEmqthwkdvxSKvhusPn7EMGY3z,-,
trash,1I4t5qzVHd6gm5kBVuxlgJmPAUYvGZCgy,-,
trash,1fAqZe6oirpgADqg6Ygq0NUMaq-QWRouf,-,
trash,1fgYpAxpuiiV19ZWJRJvzGI_UQETUiYuG,-,
trash,1zRbcgsPTRQP8VkhF0tdExGLCDUgdV_rP,-,
trash,1a87mjuUkZpJJhCWFEfSqekRMX6xO4Orj,-,
trash,13rQbZkVWeiyc9RuI9WT8NHZO81RwUREY,-,
trash,1TEklcT_mJ4__6eF3Yv7G9eipY2XrGdrT,-,
trash,12Npa24wWuvWkMFmLhyJHU63DghSxuCTK,-,
trash,1YlII_0YERqHJLu-c1WlKWTHCd5jr3U5B,-,
trash,1jXq086f53UhsPS3gbH1mu3ViYTG5VAPl,-,
trash,1qCigxu418-60MHzA5IXHG387ccOAYEpT,-,
trash,1YfSnlTcaWMzhfQ4KsSEQCNvxyAkIXFBX,-,
trash,1kQUxJ8tbGAXuUIw9fxJVZ798b2WMOCbL,-,
trash,14Y_if5WrmbTs5ihM9rEZSvPad1e6AZM4,-,
trash,1xHx3zECtSgYGw0JW563-Rt7Sktx-DPeF,-,
trash,18WDL4BwZaO8uM9O5x06_bHBDlT5segUT,-,
trash,1doMnXeyQ7kI7jN5Os6kB_tOpsnd6eTFA,-,
trash,10YUw9JkLQXa5xIzgh3sn1ge4dzXDpy0b,-,
trash,1DGgs4fhi7Vl9lleE0br3psnXfpu4_iEi,-,
trash,1ceHU_m-9zAUSm41jDtkfzhCuyGdYgMp_,-,
trash,1Xa2eOtcg3sn7Bq_nNLQrVbouqL5Ab2gr,-,
trash,19m2fU90wwvBRCLiW5220a7T-tCb4ULYO,-,
trash,1JYY_ZQSLx-nLjgpngew6R-EGEBwT7xF-,-,
trash,1tXREl1iJAURowk0k8Ne77APM_KioO6fP,-,
trash,1mTQFPlH5IIADb6PYA8OFEjtpLhHTEG0l,-,
trash,1bKxBYM1wKd9WL0hxQCGoBOLXyPqGQxPT,-,
trash,1PZuxmFp3S1MCSmHIR_N0z-TI0vKWvVwA,-,
trash,1ZA8QiW7Iq9bwoLwrX027M7Ws6UUG-m00,-,
trash,1f67As1yobgqjDP1_PyZGCV_UbElpp_0g,-,
trash,1R27h1bAV4NuF3OLIBIvhzW4-uWbUD61U,-,
trash,1jMJSHUHUWMvrepIbj3lmnBaUM7cF1E-T,-,
trash,1IeB_OcgdchUtzkIgCeOMqyRuT7_dLQkL,-,
trash,1_in_4b6JR74oi5rirrv43V_UOBFPqnzV,-,
trash,14widzDYYWrOB6ghMsN9oarsdlXlTo2kz,-,
trash,156IGUZT9y0Sxt_lkOWLv35DUGy8k3wm9,-,
trash,1bIinaMdykSXA2za1_NHZPagzluWhgRw_,-,
trash,1mJV4EiNRDhID9MIqmNV3zzGCrPBOJ0Wd,-,
trash,1aPHrBdX0smG_6dU8h2-u2-CmOfmrAyHw,-,
trash,1G4_am2YUfP-AoRvpcHM4EiaFFv5F9WNG,-,
trash,1JELgK29pa00tR3nIMZ_11-1wRTTiCjv1,-,
trash,1miNMFFVi1gucSPC-g7OcP5Ed_Qxz8KF6,-,
trash,1NFLrn9q15qwJJ4KFL1SerXx0OAlZcdFs,-,
trash,1GFuiALLQYY_yNDzxs9MtM_KprdJjn9vX,-,
trash,1y1soo6MssRAoiL-pHgCq0TiAFFhimowJ,-,
trash,1MiO4Vc6Kcu_gpBeeimY-_kY52kGMXYct,-,
trash,1G6rZnY-zv4iy15l3o7bJlJ8ukD0i1TH3,-,
trash,1osnilRAF8wkMt6E5sO0inlayTvnNzZ4M,-,
trash,1ZqzSawRz89_HcEDAtJjh5KzJNwMen5fE,-,
trash,1Gw1yDTYGRJIMHRyHNJDe7XaIZRVlXBWf,-,
trash,1dsCNZrLlrvsm6xrD4DDcvU3k1S-0yQYv,-,
trash,1UufgBdYR2iO5Fd8laXCP-0yiwWGxEFj0,-,
trash,1ZxH3fB3a5WbumgZ3yHnOPpRts1CdXRt1,-,
trash,18C4Te0VVmg_yrTtmx0d5KkHLHd7By1Vc,-,
trash,1ItL87FqYiCyP2VG4kZ2h9Jb7ZdTEFeeu,-,
trash,1GIqp8rmM3lPqOYkqAin752cjRYYkAuHc,-,
trash,1AwQa6dKQIWvJJ4T31ywn-kTxk9GCo7lu,-,
trash,1T_RbfQkv2fMm3oH_rknK5FVWJ43orWrf,-,
trash,17Vp2TcnKlmFWipNv4mFPjBWM61cb_VJu,-,
trash,1EbotH1-ZUCgTLXdosqZbAEPf13y4RjRH,-,
trash,1hGtVpopg_FeMxdDAWDQmhPJVOT2TeWb1,-,
trash,1yDdKrk_llEVfNqII7qoXhEx0ZwCy1cxW,-,
trash,18UB8GxZtDEcdR2GOk5DkN0LzSO4ELibT,-,
trash,1ISdjCLQwFQo8mc84uL6VcvKtzW-DiIZt,-,
trash,1TZK3oZCGZso9zAYqMzSBt4d7TB8zxY_m,-,
trash,1-sd0prASR9jUacj6UtKoIRB504hhrrJc,-,
trash,1H90RA3Dz_lEbZ88jTOafJ3fQVoOvJfVA,-,
trash,13WW9enTX7lsfeRmJVU8gO_SO3QEFjzGy,-,
trash,1CtU6dxGH8QW2DIMpJj5SBnwAo18PNMqZ,-,
trash,1_4Z7FgfWcUNHZm-4nY7ptoUKiFVndbAm,-,
trash,13VRj-9Elqm_LtBFetJasZRZdQT1SKAu9,-,
trash,1YVIo9T_JVJtfMV1uGtHUcEqdAMOcF3w1,-,
trash,1xfwYVl5ib3hVFXp4L7SDnZ84qbGvfnR6,-,
trash,1gxjQdSb8hDYsVRKxYxbOyCaHuulNTc_q,-,
trash,1_dcWN1nxnXHFYI_97xjbRH7AkSa_9xtp,-,
trash,1cQ3Tm2FWkLDAeo850l6SjqT2u7yTgGTm,-,
trash,1Ze_6ZV367YWIGPaDrATiifSBXjrQ6l_W,-,
trash,1uDF22dzZhWbQK5U2triRgpKbKU3ZoZUm,-,
trash,1Qc1ry7H7qFugfKGARXthwdDiwqUj-2zy,-,
trash,1C86PHxn-ixFoBPfEF1tqQMPQRd6Kfge9,-,
trash,1h8NKuWiuk0QIEN1cV2JQAgfBoOR7jwCF,-,
trash,1VoU6tPuWlleQMpLEesz2d0jEdK1G2SXG,-,
trash,1VFeh9YXLsfB6mG8mXJ8CFzWhMeS1B3v7,-,
trash,1xDQOS_lTxPHIJHXPcm_NnB93B4jjxksG,-,
trash,1J-qWsq_28NsHgayP53-gMsHswCqJTi4G,-,
trash,1ph8AIwFTHY_mGa8V8MsQWfCFBmnEA-un,-,
trash,1FRPXsr1uaWLcbKbL4_YNmoy-C_T8z_yE,-,
trash,1uWXznpIXT3HxL-PTeOuIcX0cThdAVVS6,-,
trash,1HA1erhS_p7tUME2ceftcyoLB51bn6Pgx,-,
trash,1mwoykQxDyabdr6o-yDa66U9QshyMkaZt,-,
trash,1IBUdvz8wuTlDMfyJ8y5DERRC5BJ-xWdu,-,
trash,1cWbpnFuhhNneX7qDnils8sGgRt13Enxf,-,
trash,1vrQiHtNrtF5Roz7AiFINonNX7JDx-IgJ,-,
trash,1XDFGEFj2DniX2DEhmdHSiX-_uOJsy1-i,-,
trash,1xj0TchRkTM60NfsvZOSUfh1j6-SfZill,-,
trash,1t8QaN6J12rE2v6nCBKAbdT5vUzyI7dN8,-,
trash,1qSphSdoZRXJdVpmrK7UuHY4BkJbIgkN8,-,
trash,1srP9ZtIcBJweNAoGovpu3qFO8nGBLdXu,-,
trash,1gk2M8FMrXxf7med7AmLD7Jx-UPrzTq4n,-,
trash,1cBqSPRlrYFaiclk9iU5Kl7SJhwx-UQJs,-,
trash,1MZkmS8-x3e1kC0GoQR-UQabrTM82otTd,-,
trash,16KPOTf8yX1ozzcuUfXRibhOkv24-R7Hb,-,
trash,1x_F1i13S2qFMhLp2X1IcQZWH1jgSpf3s,-,
trash,1vzwww_h3AG4PdS8OTABGFQOiqAzrjYbC,-,
trash,1k1oNgc2rq03U9WBDRQRuJqXn7th7ctT8,-,
trash,13V1EAP63352NUZ8UGqKbuPK1YuLrw2Tf,-,
trash,1AOdkWzfH0XudCh3fYIASJ8BzHvvo3pKC,-,
trash,1W23s-QUBc_HfnWpvOb10bBkI07utbbVX,-,
trash,1Z-D-LgIrYZ9uSlAK4W7GkOwsZqXC4lzV,-,
trash,1A4zeltthfu1SE-Wy8Ri_oJGUU3NYZDYA,-,
trash,1nPPGQYhH1NvHd3uMwNZJONZG8h2WuUwr,-,
